{"cameraMode":{"drawMode":0,"name":"Shaded","section":"Shading Mode"},"sceneLighting":false,"audioPlay":false,"sceneViewState":{"showFog":true,"showMaterialUpdate":true,"showSkybox":false,"showFlares":true,"showImageEffects":true,"showParticleSystems":true},"in2DMode":false,"pivot":{"x":1.1757817268371583,"y":-0.9364420175552368,"z":1.2372593879699708},"rotation":{"x":0.24301598966121674,"y":0.19113975763320924,"z":-0.048909418284893039,"w":0.9497456550598145},"size":2.990854501724243,"orthographic":true}