{"cameraMode":{"drawMode":0,"name":"Shaded","section":"Shading Mode"},"sceneLighting":false,"audioPlay":false,"sceneViewState":{"showFog":true,"showMaterialUpdate":true,"showSkybox":false,"showFlares":true,"showImageEffects":true,"showParticleSystems":true},"in2DMode":false,"pivot":{"x":67.01089477539063,"y":1.6054229736328126,"z":46.962799072265628},"rotation":{"x":-0.2595685124397278,"y":-0.7340736985206604,"z":-0.4964108169078827,"w":0.3838442265987396},"size":15.221714973449707,"orthographic":true}