{"cameraMode":{"drawMode":0,"name":"Shaded","section":"Shading Mode"},"sceneLighting":false,"audioPlay":false,"sceneViewState":{"showFog":true,"showMaterialUpdate":true,"showSkybox":false,"showFlares":true,"showImageEffects":true,"showParticleSystems":true},"in2DMode":false,"pivot":{"x":67.01089477539063,"y":1.6054229736328126,"z":46.962799072265628},"rotation":{"x":0.37122151255607607,"y":-0.2461521476507187,"z":0.1027391105890274,"w":0.8894090056419373},"size":22.0,"orthographic":true}