{"cameraMode":{"drawMode":0,"name":"Shaded","section":"Shading Mode"},"sceneLighting":false,"audioPlay":false,"sceneViewState":{"showFog":true,"showMaterialUpdate":true,"showSkybox":false,"showFlares":true,"showImageEffects":true,"showParticleSystems":true},"in2DMode":false,"pivot":{"x":-0.034098025411367419,"y":1.6640541553497315,"z":2.3103322982788088},"rotation":{"x":0.00864000990986824,"y":-0.9632651209831238,"z":0.26659148931503298,"w":0.031219089403748514},"size":3.87692928314209,"orthographic":true}