{"cameraMode":{"drawMode":0,"name":"Shaded","section":"Shading Mode"},"sceneLighting":false,"audioPlay":false,"sceneViewState":{"showFog":true,"showMaterialUpdate":true,"showSkybox":false,"showFlares":true,"showImageEffects":true,"showParticleSystems":true},"in2DMode":false,"pivot":{"x":2.1786909103393556,"y":4.437657356262207,"z":1.3588950634002686},"rotation":{"x":-0.010892454534769059,"y":-0.9736950993537903,"z":0.04764915257692337,"w":-0.2225504368543625},"size":13.628472328186036,"orthographic":true}